"Statistic","Economics League Table 2008 to 2022"
"Variable","Year,Rank,Institution,Entry Standards,Student Satisfaction,Research Quality,Research Intensity,Graduate Prospects,Graduate Prospects - Outcomes,Graduate Prospects On Track,Research Assessment,Overall Score"
"Note","For latest league table please refer to https://www.thecompleteuniversityguide.co.uk/league-tables/rankings/economics. © 2021 Complete University Guide Limited. All rights reserved."
""
"Year","Rank","Institution","Entry Standards","Student Satisfaction","Research Quality","Research Intensity","Graduate Prospects","Graduate Prospects - Outcomes","Graduate Prospects On Track","Research Assessment","Overall Score"
"2008","1","London School of Economics","508","","","","88","","","5*","100.0"
"2008","2","Cambridge","538","","","","92","","","5","98.4"
"2008","3","University College London","477","","","","86","","","5*","98.3"
"2008","4","Warwick","483","","","","86","","","5*","96.7"
"2008","5","Oxford","538","","","","76","","","5","93.8"
"2008","6","Nottingham","481","","","","78","","","5","93.7"
"2008","7","Bath","452","","","","78","","","5","91.1"
"2008","8","Bristol","449","","","","80","","","4","90.7"
"2008","9","Durham","473","","","","80","","","4","90.3"
"2008","10","York","463","","","","66","","","5","89.5"
"2008","11","Southampton","428","","","","68","","","5","88.8"
"2008","12","St Andrews","458","","","","76","","","4","88.6"
"2008","13","Edinburgh","468","","","","74","","","4","88.4"
"2008","14","Exeter","407","","","","70","","","5","87.0"
"2008","15","Royal Holloway, University of London","369","","","","80","","","4","86.3"
"2008","16","Lancaster","374","","","","64","","","5*","86.2"
"2008","17","Birmingham","419","","","","72","","","4","85.9"
"2008","17","Leeds","415","","","","74","","","5","85.9"
"2008","19","SOAS University of London","365","","","","78","","","4","85.6"
"2008","20","Cardiff","382","","","","68","","","5","85.5"
"2008","21","Surrey","315","","","","84","","","3a","84.3"
"2008","22","Essex","323","","","","64","","","5*","84.2"
"2008","23","Glasgow","400","","","","66","","","4","83.5"
"2008","24","Leicester","360","","","","62","","","5","82.9"
"2008","25","Aberdeen","406","","","","66","","","3a","82.6"
"2008","25","Hull","343","","","","78","","","4","82.6"
"2008","27","Loughborough","377","","","","72","","","3a","82.2"
"2008","28","Sussex","364","","","","66","","","4","82.1"
"2008","29","Newcastle","388","","","","70","","","4","82.0"
"2008","30","Manchester","411","","","","56","","","4","81.0"
"2008","31","Queen Mary, University of London","348","","","","56","","","5","80.7"
"2008","32","Queen's, Belfast","366","","","","60","","","4","80.4"
"2008","32","Reading","347","","","","64","","","5","80.4"
"2008","34","Kent","304","","","","60","","","4","79.4"
"2008","35","City, University of London","329","","","","68","","","3a","79.2"
"2008","35","Stirling","301","","","","60","","","4","79.2"
"2008","37","Liverpool","346","","","","58","","","4","79.1"
"2008","38","Strathclyde","413","","","","56","","","4","79.0"
"2008","39","East Anglia (UEA)","357","","","","54","","","4","78.4"
"2008","39","Keele","312","","","","64","","","3a","78.4"
"2008","41","Swansea","260","","","","60","","","4","77.7"
"2008","42","Sheffield","377","","","","56","","","3a","77.6"
"2008","43","Dundee","354","","","","54","","","3a","77.1"
"2008","44","Brunel University London","299","","","","52","","","4","76.9"
"2008","45","Ulster","265","","","","58","","","4","73.9"
"2008","46","Anglia Ruskin","","","","","72","","","2","72.5"
"2008","47","Portsmouth","223","","","","58","","","4","72.3"
"2008","48","Manchester Metropolitan","254","","","","58","","","3a","71.7"
"2008","49","Salford","318","","","","40","","","3a","70.7"
"2008","50","Bradford","196","","","","72","","","3b","70.4"
"2008","51","East London","","","","","58","","","3a","70.1"
"2008","52","Heriot-Watt","345","","","","40","","","4","69.3"
"2008","53","Aberystwyth","267","","","","52","","","3b","68.8"
"2008","53","Nottingham Trent","246","","","","60","","","3b","68.8"
"2008","55","Leeds Metropolitan","258","","","","60","","","","65.9"
"2008","56","Hertfordshire","206","","","","42","","","3a","65.3"
"2008","57","Plymouth","201","","","","56","","","3b","64.5"
"2008","58","Northumbria","297","","","","40","","","3b","63.5"
"2008","59","Kingston","177","","","","60","","","","62.8"
"2008","60","West of England, Bristol","215","","","","54","","","","62.5"
"2008","61","Middlesex","172","","","","58","","","","62.0"
"2008","62","Coventry","260","","","","46","","","","61.9"
"2008","63","Liverpool John Moores","223","","","","46","","","","60.5"
"2008","64","Greenwich","194","","","","42","","","3b","60.2"
"2009","1","Cambridge","540","","","","94","","","5","100.0"
"2009","2","London School of Economics","513","3.76","","","90","","","5*","97.1"
"2009","3","University College London","465","3.63","","","88","","","5*","94.9"
"2009","4","Warwick","477","3.64","","","90","","","5*","94.4"
"2009","5","Oxford","519","3.97","","","84","","","5","93.8"
"2009","6","Nottingham","457","3.49","","","80","","","5","90.6"
"2009","7","Bristol","461","3.58","","","84","","","4","90.2"
"2009","8","Durham","463","3.78","","","82","","","4","89.6"
"2009","9","St Andrews","474","3.80","","","80","","","4","89.5"
"2009","10","Bath","442","3.55","","","78","","","5","88.9"
"2009","11","York","451","3.48","","","72","","","5","88.7"
"2009","12","Birmingham","408","4.25","","","76","","","4","88.6"
"2009","13","Exeter","400","4.09","","","72","","","5","88.5"
"2009","14","Southampton","405","3.44","","","76","","","5","88.2"
"2009","15","Edinburgh","487","3.46","","","76","","","4","87.8"
"2009","15","Lancaster","399","3.63","","","70","","","5*","87.8"
"2009","17","Glasgow","457","3.87","","","70","","","4","87.2"
"2009","18","SOAS University of London","368","3.69","","","80","","","4","86.3"
"2009","19","Essex","344","3.83","","","64","","","5*","85.8"
"2009","20","Sussex","353","4.00","","","74","","","4","85.7"
"2009","21","East Anglia (UEA)","329","4.22","","","72","","","4","85.5"
"2009","22","Royal Holloway, University of London","349","3.66","","","78","","","4","85.3"
"2009","23","Cardiff","400","3.61","","","64","","","5","84.9"
"2009","23","Leeds","414","3.53","","","72","","","5","84.9"
"2009","25","Loughborough","377","4.04","","","72","","","3a","84.5"
"2009","26","Surrey","287","3.71","","","84","","","3a","84.3"
"2009","27","Leicester","327","4.07","","","62","","","5","84.2"
"2009","27","Newcastle","396","3.47","","","78","","","4","84.2"
"2009","29","Keele","280","","","","82","","","3a","84.1"
"2009","30","Aberdeen","379","3.68","","","70","","","3a","83.6"
"2009","31","Queen Mary, University of London","352","3.46","","","66","","","5","83.5"
"2009","31","Strathclyde","509","","","","56","","","4","83.5"
"2009","33","Liverpool","371","","","","64","","","4","83.1"
"2009","34","Kent","284","","","","68","","","4","82.4"
"2009","35","Hull","282","3.75","","","76","","","4","81.8"
"2009","36","Manchester","400","3.53","","","58","","","4","81.7"
"2009","37","Sheffield","369","3.63","","","66","","","3a","81.5"
"2009","38","Reading","321","3.50","","","66","","","5","81.0"
"2009","38","Stirling","293","","","","62","","","4","81.0"
"2009","40","City, University of London","334","3.43","","","70","","","3a","80.7"
"2009","41","Dundee","393","3.71","","","50","","","3a","79.7"
"2009","41","Queen's, Belfast","347","3.49","","","56","","","4","79.7"
"2009","43","Brunel University London","307","3.26","","","60","","","4","79.6"
"2009","44","Swansea","281","","","","58","","","4","79.4"
"2009","45","Heriot-Watt","341","","","","68","","","4","78.7"
"2009","46","Ulster","287","3.78","","","54","","","4","77.2"
"2009","47","Portsmouth","243","3.85","","","56","","","4","76.7"
"2009","48","Manchester Metropolitan","263","","","","64","","","3a","75.5"
"2009","49","Salford","273","","","","52","","","3a","74.0"
"2009","50","Nottingham Trent","229","","","","72","","","3b","73.6"
"2009","51","Coventry","235","4.03","","","66","","","","73.3"
"2009","51","Hertfordshire","219","3.56","","","54","","","3a","73.3"
"2009","53","Liverpool John Moores","242","3.72","","","68","","","","72.8"
"2009","54","Oxford Brookes","299","3.67","","","","","","","71.5"
"2009","55","Bradford","203","","","","68","","","3b","71.4"
"2009","56","East London","186","","","","64","","","3a","70.9"
"2009","57","Northumbria","272","","","","60","","","3b","70.1"
"2009","58","West of England, Bristol","242","3.92","","","52","","","","70.0"
"2009","59","Leeds Metropolitan","236","3.57","","","56","","","","69.4"
"2009","60","Aberystwyth","281","","","","44","","","3b","68.6"
"2009","60","Middlesex","176","3.30","","","64","","","","68.6"
"2009","62","Greenwich","196","3.65","","","46","","","3b","67.9"
"2009","63","Kingston","182","3.46","","","56","","","","67.6"
"2009","64","Plymouth","232","","","","50","","","3b","65.7"
"2010","1","Oxford","538","4.12","3.35","","90","","","","100.0"
"2010","2","Cambridge","554","4.02","3.05","","94","","","","99.8"
"2010","3","London School of Economics","523","3.73","3.55","","90","","","","98.9"
"2010","4","University College London","488","3.79","3.50","","88","","","","97.7"
"2010","4","Warwick","499","3.75","3.35","","90","","","","97.7"
"2010","6","St Andrews","475","4.23","2.70","","84","","","","95.3"
"2010","7","Durham","491","3.91","2.65","","88","","","","95.2"
"2010","8","Nottingham","468","3.73","3.15","","84","","","","94.9"
"2010","9","Bristol","457","3.64","3.15","","86","","","","94.7"
"2010","10","Bath","454","3.57","2.95","","86","","","","93.7"
"2010","11","Edinburgh","450","3.69","2.95","","82","","","","93.2"
"2010","12","Southampton","422","3.78","3.00","","80","","","","92.6"
"2010","13","Birmingham","403","4.23","2.75","","78","","","","92.5"
"2010","13","Exeter","386","4.27","2.95","","76","","","","92.5"
"2010","15","York","457","3.85","2.87","","72","","","","91.6"
"2010","16","Surrey","329","4.27","2.80","","80","","","","91.4"
"2010","17","Royal Holloway, University of London","370","3.78","3.00","","80","","","","91.3"
"2010","18","Glasgow","414","3.88","3.00","","72","","","","91.1"
"2010","19","Lancaster","423","3.88","2.95","","70","","","","90.7"
"2010","20","Essex","325","3.88","3.35","","74","","","","90.6"
"2010","20","Newcastle","417","3.75","2.50","","80","","","","90.6"
"2010","22","Queen Mary, University of London","370","3.61","3.15","","76","","","","90.4"
"2010","22","Sheffield","372","4.06","2.80","","74","","","","90.4"
"2010","24","Leicester","320","4.22","2.90","","72","","","","89.7"
"2010","24","Loughborough","378","4.03","2.45","","76","","","","89.7"
"2010","24","Strathclyde","442","3.81","2.85","","66","","","","89.7"
"2010","27","Kent","306","4.15","2.90","","74","","","","89.5"
"2010","28","Liverpool","385","3.85","2.45","","76","","","","89.2"
"2010","28","Sussex","345","4.12","2.70","","72","","","","89.2"
"2010","30","East Anglia (UEA)","332","4.15","2.75","","70","","","","88.8"
"2010","31","Cardiff","398","3.76","3.00","","64","","","","88.6"
"2010","32","Manchester","408","3.59","3.05","","64","","","","88.4"
"2010","33","Heriot-Watt","328","","2.40","","76","","","","88.0"
"2010","34","Aberdeen","344","4.02","2.85","","64","","","","87.7"
"2010","35","Keele","284","3.70","2.30","","82","","","","87.0"
"2010","36","Swansea","277","3.89","2.75","","72","","","","86.9"
"2010","37","City, University of London","328","3.53","2.65","","72","","","","86.5"
"2010","38","Brunel University London","311","3.61","2.65","","66","","","","85.1"
"2010","38","Leeds","418","3.69","","","72","","","","85.1"
"2010","40","SOAS University of London","390","3.69","","","74","","","","84.8"
"2010","41","Hull","283","3.91","","","80","","","","84.3"
"2010","42","Dundee","337","3.84","2.45","","58","","","","84.2"
"2010","43","Stirling","293","3.87","2.75","","56","","","","83.8"
"2010","44","Northumbria","274","3.65","1.80","","74","","","","83.1"
"2010","44","West of England, Bristol","248","3.83","2.15","","68","","","","83.1"
"2010","46","Brighton","251","3.71","2.30","","","","","","83.0"
"2010","47","Nottingham Trent","264","3.99","","","74","","","","82.9"
"2010","48","Oxford Brookes","289","3.97","1.95","","62","","","","82.6"
"2010","48","Ulster","254","3.69","2.25","","66","","","","82.6"
"2010","50","Portsmouth","249","3.72","2.10","","68","","","","82.5"
"2010","51","Coventry","245","4.23","","","70","","","","82.4"
"2010","52","Aberystwyth","249","4.10","1.95","","62","","","","82.1"
"2010","53","Queen's, Belfast","355","3.71","","","64","","","","81.9"
"2010","53","Reading","348","3.74","","","64","","","","81.9"
"2010","55","Middlesex","167","4.17","","","68","","","","79.9"
"2010","55","Staffordshire","199","3.76","1.95","","","","","","79.9"
"2010","57","Manchester Metropolitan","259","","1.70","","66","","","","79.6"
"2010","58","Hertfordshire","233","3.61","2.15","","56","","","","79.3"
"2010","59","Leeds Metropolitan","278","3.60","","","60","","","","78.8"
"2010","60","Plymouth","241","3.71","2.05","","52","","","","78.7"
"2010","61","Birmingham City","","3.33","1.65","","","","","","78.3"
"2010","62","Liverpool John Moores","221","3.70","1.45","","62","","","","78.2"
"2010","63","Kingston","191","3.88","2.00","","52","","","","77.9"
"2010","64","Bradford","239","3.89","","","54","","","","77.6"
"2010","64","Salford","249","3.69","","","56","","","","77.6"
"2010","66","East London","193","3.95","","","52","","","","76.3"
"2010","67","Greenwich","191","4.14","1.75","","42","","","","75.9"
"2011","1","Oxford","542","","3.35","","88","","","","100.0"
"2011","2","London School of Economics","556","3.73","3.55","","90","","","","96.6"
"2011","3","Cambridge","561","3.93","3.05","","88","","","","95.3"
"2011","4","Warwick","518","3.85","3.35","","88","","","","94.9"
"2011","5","University College London","495","3.82","3.50","","86","","","","94.3"
"2011","6","Durham","505","3.90","2.65","","90","","","","92.6"
"2011","7","Bath","483","3.86","2.95","","88","","","","92.5"
"2011","8","Nottingham","478","3.83","3.15","","84","","","","92.1"
"2011","9","St Andrews","462","4.00","2.70","","88","","","","91.6"
"2011","10","Bristol","451","3.71","3.15","","82","","","","90.4"
"2011","11","Southampton","425","3.81","3.00","","80","","","","89.2"
"2011","12","Edinburgh","446","3.65","2.95","","80","","","","88.8"
"2011","12","Exeter","426","4.03","2.95","","74","","","","88.8"
"2011","14","York","440","4.05","2.87","","70","","","","88.1"
"2011","15","Glasgow","418","3.87","3.00","","74","","","","88.0"
"2011","15","Leeds","427","3.75","2.85","","78","","","","88.0"
"2011","15","Royal Holloway, University of London","386","3.79","3.00","","80","","","","88.0"
"2011","18","Birmingham","412","4.05","2.75","","74","","","","87.8"
"2011","19","Surrey","363","4.27","2.80","","74","","","","87.6"
"2011","20","Lancaster","417","3.80","2.95","","74","","","","87.5"
"2011","21","Newcastle","410","3.88","2.50","","80","","","","87.2"
"2011","22","Essex","319","3.91","3.35","","74","","","","86.8"
"2011","23","Kent","318","4.27","2.90","","74","","","","86.7"
"2011","24","Sussex","359","3.93","2.70","","78","","","","86.4"
"2011","25","Sheffield","379","3.98","2.80","","72","","","","86.3"
"2011","26","Manchester","419","3.62","3.05","","70","","","","86.2"
"2011","27","Strathclyde","407","4.00","2.85","","66","","","","86.1"
"2011","28","Loughborough","395","3.93","2.45","","74","","","","85.6"
"2011","29","East Anglia (UEA)","368","4.16","2.75","","66","","","","85.4"
"2011","29","Leicester","347","3.99","2.90","","70","","","","85.4"
"2011","31","Cardiff","401","3.79","3.00","","64","","","","85.1"
"2011","32","Liverpool","389","3.89","2.45","","72","","","","84.8"
"2011","33","Aberdeen","338","4.01","2.85","","66","","","","84.3"
"2011","33","Swansea","271","4.13","2.75","","74","","","","84.3"
"2011","35","Stirling","312","3.95","2.75","","72","","","","84.2"
"2011","36","Queen Mary, University of London","364","3.66","3.15","","60","","","","83.2"
"2011","37","City, University of London","355","3.58","2.65","","70","","","","82.8"
"2011","38","Heriot-Watt","307","3.66","2.40","","78","","","","82.6"
"2011","39","Robert Gordon","","4.12","1.90","","","","","","82.0"
"2011","40","SOAS University of London","421","3.75","","","76","","","","81.9"
"2011","41","West of England, Bristol","265","4.37","2.15","","68","","","","81.7"
"2011","42","Ulster","254","3.90","2.25","","76","","","","81.3"
"2011","43","Northumbria","","3.80","1.80","","74","","","","80.9"
"2011","44","Keele","287","3.68","2.30","","72","","","","80.5"
"2011","45","Oxford Brookes","300","4.04","1.95","","68","","","","80.4"
"2011","46","Portsmouth","265","3.87","2.10","","68","","","","79.2"
"2011","47","Staffordshire","","3.74","1.95","","","","","","78.9"
"2011","48","Aberystwyth","270","4.06","1.95","","64","","","","78.8"
"2011","48","Brunel University London","308","3.53","2.65","","58","","","","78.8"
"2011","48","Coventry","262","4.20","","","72","","","","78.8"
"2011","51","Hull","266","3.83","","","78","","","","78.5"
"2011","52","Brighton","259","3.72","2.30","","","","","","78.4"
"2011","53","Dundee","317","3.77","2.45","","52","","","","78.1"
"2011","54","Reading","358","3.76","","","64","","","","77.7"
"2011","55","Plymouth","275","3.80","2.05","","60","","","","77.3"
"2011","56","Queen's, Belfast","354","3.71","","","62","","","","77.0"
"2011","57","Nottingham Trent","251","4.02","","","66","","","","76.5"
"2011","58","Birmingham City","","3.69","1.65","","","","","","76.2"
"2011","59","Central Lancashire","291","3.90","","","","","","","76.1"
"2011","60","Greenwich","295","4.27","1.75","","42","","","","75.1"
"2011","61","Hertfordshire","203","3.88","2.15","","54","","","","74.8"
"2011","62","Salford","263","3.60","2.00","","52","","","","74.2"
"2011","63","Manchester Metropolitan","256","3.75","1.70","","54","","","","74.0"
"2011","64","Leeds Metropolitan","270","3.65","","","58","","","","73.6"
"2011","65","Kingston","195","3.78","2.00","","52","","","","73.2"
"2011","66","Bradford","231","3.92","","","54","","","","72.9"
"2011","67","London Metropolitan","207","3.72","2.25","","42","","","","72.1"
"2011","68","Middlesex","201","3.54","","","56","","","","70.8"
"2011","69","Liverpool John Moores","243","3.87","1.45","","42","","","","70.7"
"2011","70","East London","180","3.97","","","40","","","","68.9"
"2012","1","Cambridge","575","","3.05","","92","","","","100.0"
"2012","2","Oxford","554","4.06","3.35","","88","","","","95.1"
"2012","3","London School of Economics","558","3.82","3.55","","86","","","","94.3"
"2012","4","Warwick","519","3.84","3.35","","88","","","","92.6"
"2012","5","University College London","508","3.82","3.50","","84","","","","91.9"
"2012","6","Nottingham","489","3.91","3.15","","84","","","","90.1"
"2012","7","Durham","507","4.03","2.65","","86","","","","89.5"
"2012","8","Bath","487","3.82","2.95","","88","","","","89.4"
"2012","9","St Andrews","515","3.86","2.70","","88","","","","89.4"
"2012","10","Bristol","467","3.98","3.15","","82","","","","89.3"
"2012","11","Glasgow","425","4.09","3.00","","80","","","","87.4"
"2012","12","Exeter","459","4.11","2.95","","74","","","","87.1"
"2012","13","Edinburgh","455","3.94","2.95","","78","","","","86.8"
"2012","14","Southampton","463","3.76","3.00","","76","","","","85.7"
"2012","15","York","459","3.87","2.87","","76","","","","85.7"
"2012","16","Lancaster","418","3.99","2.95","","76","","","","85.4"
"2012","17","Surrey","387","4.33","2.80","","74","","","","85.3"
"2012","18","Birmingham","439","4.03","2.75","","72","","","","84.4"
"2012","19","Strathclyde","","4.09","2.85","","70","","","","83.8"
"2012","20","Newcastle","412","4.06","2.50","","76","","","","83.5"
"2012","21","Leeds","446","3.68","2.85","","74","","","","83.5"
"2012","22","Essex","336","4.10","3.35","","68","","","","83.4"
"2012","23","Royal Holloway, University of London","400","3.87","3.00","","72","","","","83.4"
"2012","24","Kent","339","4.16","2.90","","74","","","","83.1"
"2012","25","Sussex","384","4.07","2.70","","72","","","","82.6"
"2012","26","Sheffield","394","3.99","2.80","","68","","","","82.0"
"2012","27","Leicester","385","3.95","2.90","","68","","","","82.0"
"2012","28","East Anglia (UEA)","396","4.14","2.75","","64","","","","81.8"
"2012","29","Manchester","426","3.69","3.05","","64","","","","81.5"
"2012","30","Bangor","","3.82","2.75","","","","","","81.0"
"2012","31","Loughborough","412","3.92","2.45","","70","","","","81.0"
"2012","32","Cardiff","413","3.71","3.00","","64","","","","80.9"
"2012","33","Stirling","314","3.95","2.75","","76","","","","80.7"
"2012","34","Heriot-Watt","345","4.13","2.40","","72","","","","80.2"
"2012","35","Queen Mary, University of London","403","4.03","3.15","","50","","","","80.0"
"2012","36","Liverpool","389","3.85","2.45","","66","","","","78.8"
"2012","37","Aberdeen","334","3.89","2.85","","64","","","","78.7"
"2012","38","Robert Gordon","","4.19","1.90","","","","","","77.2"
"2012","39","Swansea","312","4.05","2.75","","56","","","","76.6"
"2012","40","City, University of London","373","3.57","2.65","","60","","","","76.1"
"2012","41","SOAS University of London","465","3.66","","","70","","","","76.0"
"2012","42","Keele","288","3.82","2.30","","66","","","","74.6"
"2012","43","Oxford Brookes","292","3.96","1.95","","68","","","","74.3"
"2012","44","Northumbria","","4.04","1.80","","62","","","","74.1"
"2012","45","Salford","","4.30","2.00","","50","","","","73.8"
"2012","46","Hull","322","3.91","","","74","","","","73.7"
"2012","47","Brighton","268","3.83","2.30","","","","","","72.9"
"2012","48","Queen's, Belfast","364","3.91","","","64","","","","72.8"
"2012","49","Coventry","323","3.93","","","68","","","","72.5"
"2012","50","West of England, Bristol","280","3.93","2.15","","58","","","","72.4"
"2012","51","Brunel University London","326","3.57","2.65","","50","","","","72.2"
"2012","52","Ulster","259","3.91","2.25","","58","","","","72.0"
"2012","53","Aberystwyth","292","4.03","1.95","","56","","","","72.0"
"2012","54","Portsmouth","290","4.00","2.10","","54","","","","72.0"
"2012","55","Dundee","342","3.97","2.45","","38","","","","71.5"
"2012","56","Reading","377","3.72","","","60","","","","71.2"
"2012","57","Plymouth","276","3.88","2.05","","54","","","","70.5"
"2012","58","Hertfordshire","250","4.01","2.15","","50","","","","70.0"
"2012","59","Sheffield Hallam","316","3.80","","","","","","","69.0"
"2012","60","Central Lancashire","301","3.85","","","","","","","68.7"
"2012","61","Nottingham Trent","278","3.90","","","58","","","","68.5"
"2012","62","Manchester Metropolitan","263","3.78","1.70","","54","","","","67.8"
"2012","63","Staffordshire","187","3.84","1.95","","","","","","67.1"
"2012","64","Greenwich","227","4.05","1.75","","48","","","","67.1"
"2012","65","Birmingham City","252","3.65","1.65","","","","","","66.6"
"2012","66","Northampton","238","3.90","","","","","","","66.3"
"2012","67","Kingston","231","3.70","2.00","","46","","","","65.8"
"2012","68","Bradford","234","4.05","","","48","","","","65.6"
"2012","69","London Metropolitan","192","3.68","2.25","","44","","","","65.1"
"2012","70","Leeds Metropolitan","268","3.47","","","54","","","","64.6"
"2012","71","Middlesex","191","3.83","","","","","","","63.7"
"2012","72","Anglia Ruskin","203","3.58","","","","","","","62.2"
"2012","73","Liverpool John Moores","261","3.65","1.45","","24","","","","58.7"
"2012","74","East London","161","3.70","","","34","","","","57.8"
"2013","1","London School of Economics","577","3.98","3.55","","90","","","","100.0"
"2013","2","Oxford","594","4.16","3.35","","84","","","","99.2"
"2013","3","Cambridge","613","3.78","3.05","","94","","","","98.8"
"2013","4","Warwick","551","3.89","3.35","","88","","","","97.5"
"2013","5","University College London","545","3.81","3.50","","84","","","","96.7"
"2013","6","Bristol","489","4.04","3.15","","84","","","","94.8"
"2013","7","Durham","533","4.04","2.65","","86","","","","94.4"
"2013","8","St Andrews","509","4.12","2.70","","86","","","","94.4"
"2013","9","Nottingham","484","3.80","3.15","","84","","","","93.5"
"2013","10","Exeter","492","3.91","2.95","","82","","","","93.0"
"2013","11","Edinburgh","469","3.86","2.95","","84","","","","92.5"
"2013","12","Bath","490","3.90","2.95","","80","","","","92.4"
"2013","13","Glasgow","462","3.99","3.00","","78","","","","91.8"
"2013","14","York","468","3.81","2.87","","80","","","","91.0"
"2013","15","Kent","375","4.29","2.90","","78","","","","90.5"
"2013","16","Surrey","440","4.33","2.80","","70","","","","90.3"
"2013","17","Strathclyde","440","4.19","2.85","","70","","","","89.8"
"2013","18","Southampton","445","3.67","3.00","","78","","","","89.8"
"2013","19","Lancaster","427","4.02","2.95","","72","","","","89.5"
"2013","20","Newcastle","431","4.11","2.50","","76","","","","89.1"
"2013","21","Royal Holloway, University of London","411","3.80","3.00","","72","","","","88.1"
"2013","22","Cardiff","451","3.73","3.00","","68","","","","88.1"
"2013","23","Leeds","440","3.82","2.85","","70","","","","88.0"
"2013","24","Queen Mary, University of London","425","4.16","3.15","","58","","","","87.9"
"2013","25","Sheffield","427","4.08","2.80","","64","","","","87.4"
"2013","26","Manchester","422","3.78","3.05","","66","","","","87.2"
"2013","27","Birmingham","458","3.73","2.75","","66","","","","86.8"
"2013","28","Sussex","379","3.84","2.70","","74","","","","86.6"
"2013","29","East Anglia (UEA)","393","4.14","2.75","","64","","","","86.5"
"2013","30","Essex","352","4.11","3.35","","56","","","","85.9"
"2013","31","Loughborough","408","3.99","2.45","","68","","","","85.8"
"2013","32","Leicester","401","3.80","2.90","","64","","","","85.7"
"2013","33","Heriot-Watt","370","3.82","2.40","","74","","","","85.0"
"2013","34","Robert Gordon","","4.31","1.90","","","","","","84.2"
"2013","35","Stirling","361","3.96","2.75","","60","","","","83.9"
"2013","36","Aberdeen","356","3.89","2.85","","60","","","","83.7"
"2013","37","Dundee","378","4.15","2.45","","58","","","","83.6"
"2013","38","Salford","","4.15","2.00","","66","","","","83.2"
"2013","39","Bangor","291","3.94","2.75","","","","","","83.2"
"2013","40","Liverpool","383","3.72","2.45","","62","","","","82.4"
"2013","41","Swansea","339","3.87","2.75","","58","","","","82.3"
"2013","42","Keele","338","3.94","2.30","","64","","","","82.1"
"2013","43","Bournemouth","","4.05","1.95","","","","","","82.0"
"2013","44","SOAS University of London","427","3.85","","","70","","","","81.9"
"2013","45","City, University of London","403","3.65","2.65","","52","","","","81.3"
"2013","46","Reading","388","4.07","","","66","","","","81.1"
"2013","47","Oxford Brookes","333","3.93","1.95","","66","","","","80.9"
"2013","48","Queen's, Belfast","375","3.80","","","72","","","","80.7"
"2013","49","Brighton","279","4.00","2.30","","","","","","80.6"
"2013","50","Northumbria","","4.01","1.80","","","","","","80.4"
"2013","51","Brunel University London","321","3.99","2.65","","50","","","","80.2"
"2013","52","Buckingham","301","4.45","","","","","","","79.8"
"2013","53","Plymouth","300","4.11","2.05","","58","","","","79.5"
"2013","54","Hull","325","3.91","","","70","","","","79.4"
"2013","55","Ulster","276","3.96","2.25","","56","","","","78.5"
"2013","56","Greenwich","250","4.43","1.75","","58","","","","78.5"
"2013","57","Portsmouth","304","4.08","2.10","","52","","","","78.4"
"2013","58","West of England, Bristol","294","4.05","2.15","","52","","","","78.2"
"2013","59","Aberystwyth","317","4.05","1.95","","52","","","","78.0"
"2013","60","Coventry","294","4.19","","","60","","","","77.7"
"2013","61","Hertfordshire","297","3.84","2.15","","50","","","","76.7"
"2013","62","Nottingham Trent","305","3.99","","","58","","","","76.6"
"2013","63","Central Lancashire","294","3.96","","","","","","","76.2"
"2013","64","De Montfort","303","3.90","","","","","","","76.1"
"2013","65","London Metropolitan","241","3.76","2.25","","52","","","","75.6"
"2013","66","Staffordshire","228","3.78","1.95","","","","","","75.3"
"2013","67","Birmingham City","263","3.83","1.65","","","","","","75.3"
"2013","68","Sheffield Hallam","299","3.76","","","","","","","75.1"
"2013","69","Northampton","246","3.98","","","","","","","74.6"
"2013","70","Manchester Metropolitan","282","3.53","1.70","","56","","","","74.2"
"2013","71","Cardiff Metropolitan","234","3.98","","","","","","","74.1"
"2013","72","Kingston","270","3.67","2.00","","48","","","","74.1"
"2013","73","Anglia Ruskin","227","3.83","","","","","","","72.8"
"2013","74","Leeds Metropolitan","266","3.51","","","54","","","","72.2"
"2013","75","Bradford","252","4.06","","","40","","","","71.5"
"2013","76","East London","196","3.82","","","50","","","","70.9"
"2013","77","Liverpool John Moores","265","3.72","1.45","","42","","","","70.6"
"2013","78","Middlesex","193","3.61","","","","","","","70.1"
"2014","1","Warwick","573","4.06","3.35","","90","","","","100.0"
"2014","2","London School of Economics","586","3.83","3.55","","90","","","","100.0"
"2014","3","Oxford","606","4.15","3.35","","83","","","","99.8"
"2014","4","Cambridge","635","3.84","3.05","","90","","","","99.4"
"2014","5","University College London","553","3.86","3.50","","86","","","","98.2"
"2014","6","Bristol","502","4.11","3.15","","87","","","","97.1"
"2014","7","Exeter","497","4.07","2.95","","84","","","","95.3"
"2014","8","St Andrews","509","4.01","2.70","","88","","","","95.3"
"2014","9","Durham","553","3.99","2.65","","82","","","","94.8"
"2014","10","Nottingham","487","3.92","3.15","","82","","","","94.7"
"2014","11","Bath","511","4.01","2.95","","80","","","","94.6"
"2014","12","Surrey","455","4.53","2.80","","70","","","","93.0"
"2014","13","Edinburgh","479","3.70","2.95","","83","","","","92.8"
"2014","14","York","468","4.02","2.87","","78","","","","92.7"
"2014","15","Kent","411","4.34","2.90","","76","","","","92.6"
"2014","16","Queen Mary, University of London","440","4.14","3.15","","69","","","","91.7"
"2014","17","Lancaster","455","4.08","2.95","","72","","","","91.7"
"2014","18","Birmingham","464","4.08","2.75","","74","","","","91.6"
"2014","19","Leeds","449","3.88","2.85","","77","","","","91.3"
"2014","20","Glasgow","483","3.76","3.00","","72","","","","91.0"
"2014","21","Southampton","443","3.69","3.00","","77","","","","90.8"
"2014","22","East Anglia (UEA)","423","4.28","2.75","","70","","","","90.7"
"2014","23","Cardiff","438","3.90","3.00","","71","","","","90.4"
"2014","24","Strathclyde","459","4.28","2.85","","62","","","","90.3"
"2014","25","Manchester","448","3.75","3.05","","72","","","","90.3"
"2014","26","Swansea","347","4.25","2.75","","75","","","","89.7"
"2014","27","Aberdeen","450","4.04","2.85","","66","","","","89.7"
"2014","28","Birkbeck, University of London","","3.89","2.85","","","","","","89.7"
"2014","29","Sheffield","434","4.10","2.80","","67","","","","89.6"
"2014","30","Newcastle","441","4.09","2.50","","71","","","","89.5"
"2014","31","Sussex","393","3.97","2.70","","74","","","","89.1"
"2014","32","SOAS University of London","472","3.84","2.30","","74","","","","88.9"
"2014","33","Royal Holloway, University of London","395","3.85","3.00","","70","","","","88.8"
"2014","34","Leicester","402","4.00","2.90","","67","","","","88.7"
"2014","35","Loughborough","426","3.90","2.45","","74","","","","88.7"
"2014","36","Essex","381","3.96","3.35","","59","","","","88.0"
"2014","37","City, University of London","433","3.71","2.65","","64","","","","86.5"
"2014","38","Heriot-Watt","364","3.99","2.40","","68","","","","86.0"
"2014","39","Robert Gordon","","4.20","1.90","","","","","","85.7"
"2014","40","Bournemouth","","4.13","1.95","","","","","","85.4"
"2014","41","Portsmouth","316","4.13","2.10","","69","","","","84.6"
"2014","42","Keele","313","4.06","2.30","","","","","","84.4"
"2014","43","Oxford Brookes","","4.08","1.95","","65","","","","84.2"
"2014","44","Liverpool","391","3.85","2.45","","58","","","","84.1"
"2014","45","Bangor","279","3.82","2.75","","","","","","83.9"
"2014","46","Brunel University London","344","4.03","2.65","","54","","","","83.6"
"2014","47","Stirling","400","3.84","2.75","","48","","","","83.2"
"2014","48","Dundee","335","4.01","2.45","","56","","","","83.0"
"2014","49","Aberystwyth","330","3.95","1.95","","66","","","","82.9"
"2014","50","Northumbria","","3.99","1.80","","","","","","82.8"
"2014","51","West of England, Bristol","329","4.01","2.15","","61","","","","82.8"
"2014","52","Brighton","301","3.87","2.30","","","","","","82.7"
"2014","53","Reading","370","3.75","","","73","","","","82.5"
"2014","54","Ulster","269","3.94","2.25","","66","","","","82.4"
"2014","55","Salford","","3.81","2.00","","63","","","","82.1"
"2014","56","Greenwich","279","4.46","1.75","","59","","","","81.8"
"2014","57","Plymouth","289","4.01","2.05","","63","","","","81.8"
"2014","58","Hull","332","4.02","","","66","","","","81.3"
"2014","59","Queen's, Belfast","380","3.90","","","62","","","","81.1"
"2014","60","Buckingham","327","4.07","","","","","","","80.7"
"2014","61","Coventry","305","4.17","","","62","","","","80.6"
"2014","62","Leeds Metropolitan","277","4.05","","","67","","","","80.3"
"2014","63","De Montfort","287","4.20","","","","","","","80.2"
"2014","64","Manchester Metropolitan","323","3.95","1.70","","58","","","","80.0"
"2014","65","Birmingham City","298","3.93","1.65","","","","","","79.8"
"2014","66","Nottingham Trent","335","3.83","","","60","","","","79.2"
"2014","67","Northampton","289","3.97","","","","","","","78.7"
"2014","68","Central Lancashire","297","3.90","","","","","","","78.6"
"2014","69","East London","229","3.83","","","69","","","","78.4"
"2014","70","Cardiff Metropolitan","295","3.88","","","","","","","78.3"
"2014","71","Edinburgh Napier","304","3.83","","","","","","","78.3"
"2014","72","Middlesex","251","4.07","","","","","","","78.1"
"2014","73","London Metropolitan","207","3.87","2.25","","55","","","","78.1"
"2014","74","Hertfordshire","294","3.75","2.15","","44","","","","76.9"
"2014","75","Kingston","291","3.66","2.00","","48","","","","76.7"
"2014","76","Sheffield Hallam","332","3.88","","","44","","","","75.9"
"2014","77","Anglia Ruskin","223","3.85","","","","","","","75.7"
"2014","78","Bradford","274","4.02","","","40","","","","74.3"
"2015","1","Cambridge","634","","3.05","","93","","","","100.0"
"2015","2","London School of Economics","576","3.97","3.55","","87","","","","93.9"
"2015","3","Oxford","589","4.19","3.35","","84","","","","93.8"
"2015","4","Warwick","567","4.09","3.35","","89","","","","93.8"
"2015","5","University College London","556","3.93","3.50","","85","","","","92.5"
"2015","6","Nottingham","506","4.00","3.15","","82","","","","89.3"
"2015","7","Bristol","504","3.95","3.15","","83","","","","89.2"
"2015","8","Bath","504","3.94","2.95","","86","","","","89.0"
"2015","9","Durham","562","3.97","2.65","","82","","","","88.6"
"2015","10","Exeter","481","4.07","2.95","","83","","","","88.3"
"2015","11","St Andrews","527","4.03","2.70","","82","","","","88.2"
"2015","12","Queen Mary, University of London","409","4.48","3.15","","78","","","","88.0"
"2015","13","Edinburgh","474","3.86","2.95","","85","","","","87.5"
"2015","14","York","452","4.06","2.87","","78","","","","86.0"
"2015","15","Lancaster","451","4.02","2.95","","74","","","","85.3"
"2015","16","Surrey","419","4.34","2.80","","73","","","","85.1"
"2015","17","Birmingham","447","3.90","2.75","","80","","","","85.1"
"2015","18","Leeds","450","3.83","2.85","","79","","","","85.0"
"2015","19","East Anglia (UEA)","408","4.35","2.75","","73","","","","84.6"
"2015","20","Southampton","459","3.75","3.00","","74","","","","84.4"
"2015","21","Glasgow","471","3.80","3.00","","71","","","","84.4"
"2015","22","Strathclyde","502","4.14","2.85","","62","","","","84.4"
"2015","23","Manchester","430","3.90","3.05","","72","","","","84.1"
"2015","24","Aberdeen","442","3.86","2.85","","75","","","","84.1"
"2015","25","Cardiff","416","3.79","3.00","","77","","","","84.1"
"2015","26","Kent","394","4.27","2.90","","70","","","","83.9"
"2015","27","Leicester","379","4.11","2.90","","73","","","","83.3"
"2015","28","Swansea","310","4.10","2.75","","85","","","","83.3"
"2015","29","Sheffield","432","4.04","2.80","","69","","","","83.2"
"2015","30","Loughborough","415","4.04","2.45","","77","","","","82.9"
"2015","31","SOAS University of London","445","3.96","2.30","","77","","","","82.8"
"2015","32","Birkbeck, University of London","","3.87","2.85","","","","","","82.7"
"2015","33","Royal Holloway, University of London","400","3.84","3.00","","71","","","","82.6"
"2015","34","City, University of London","418","4.20","2.65","","65","","","","82.1"
"2015","35","Newcastle","440","4.03","2.50","","67","","","","81.7"
"2015","36","Essex","349","4.03","3.35","","61","","","","81.4"
"2015","37","Keele","358","4.07","2.30","","75","","","","80.5"
"2015","38","Heriot-Watt","385","4.40","2.40","","61","","","","80.2"
"2015","39","West of England, Bristol","330","4.41","2.15","","71","","","","79.8"
"2015","40","Liverpool","387","4.08","2.45","","65","","","","79.8"
"2015","41","Queen's, Belfast","379","4.09","2.65","","59","","","","79.2"
"2015","42","Sussex","395","3.88","2.70","","58","","","","78.7"
"2015","43","Robert Gordon","","4.26","1.90","","","","","","78.4"
"2015","44","Bangor","304","3.88","2.75","","","","","","78.2"
"2015","45","Bournemouth","","4.18","1.95","","","","","","78.1"
"2015","46","Reading","360","3.95","","","80","","","","77.4"
"2015","47","Portsmouth","312","3.92","2.10","","74","","","","77.4"
"2015","48","Brighton","","3.77","2.30","","","","","","77.1"
"2015","49","Northumbria","","4.14","1.80","","","","","","76.5"
"2015","50","Buckingham","354","4.45","","","","","","","76.4"
"2015","51","Aberystwyth","301","4.00","1.95","","69","","","","75.8"
"2015","52","Oxford Brookes","323","3.95","1.95","","64","","","","75.1"
"2015","53","Stirling","371","3.96","2.75","","41","","","","75.0"
"2015","54","Hull","302","3.89","2.35","","58","","","","74.6"
"2015","55","Brunel University London","328","3.71","2.65","","52","","","","74.5"
"2015","56","Dundee","337","3.95","2.45","","47","","","","74.0"
"2015","57","Salford","327","3.70","2.00","","","","","","73.8"
"2015","58","Ulster","300","3.99","2.25","","53","","","","73.6"
"2015","59","Plymouth","260","4.27","2.05","","56","","","","73.6"
"2015","60","Manchester Metropolitan","306","4.10","1.70","","60","","","","73.5"
"2015","61","Coventry","298","4.42","","","57","","","","73.1"
"2015","62","Greenwich","306","4.29","1.75","","52","","","","72.9"
"2015","63","Birmingham City","267","4.23","1.65","","60","","","","72.8"
"2015","64","Edinburgh Napier","350","3.88","","","","","","","72.7"
"2015","65","Central Lancashire","319","4.05","","","","","","","72.6"
"2015","66","Hertfordshire","334","3.77","2.15","","47","","","","71.8"
"2015","67","De Montfort","287","4.10","","","","","","","71.8"
"2015","68","Bradford","282","4.06","","","59","","","","71.4"
"2015","69","Sheffield Hallam","317","4.02","","","54","","","","71.1"
"2015","70","Leeds Metropolitan","283","3.54","","","67","","","","70.6"
"2015","71","Cardiff Metropolitan","241","4.16","","","","","","","70.4"
"2015","72","Kingston","244","3.61","2.00","","54","","","","69.4"
"2015","73","Nottingham Trent","309","3.83","","","51","","","","69.3"
"2015","74","Northampton","229","4.03","","","","","","","69.1"
"2015","75","East London","225","4.11","","","55","","","","69.1"
"2015","76","London Metropolitan","208","4.00","2.25","","42","","","","68.7"
"2015","77","Anglia Ruskin","231","3.57","","","","","","","66.3"
"2015","78","Middlesex","235","4.04","","","40","","","","65.9"
"2016","1","Cambridge","619","3.97","3.42","0.71","95","","","","100.0"
"2016","2","Warwick","548","4.27","3.41","0.80","87","","","","98.0"
"2016","3","Oxford","596","4.11","3.44","0.86","81","","","","97.5"
"2016","4","London School of Economics","560","3.91","3.55","0.92","86","","","","97.0"
"2016","5","University College London","543","3.99","3.78","0.82","84","","","","96.9"
"2016","6","Bath","496","3.85","3.20","0.75","92","","","","94.6"
"2016","7","Durham","558","3.91","3.05","0.52","87","","","","94.4"
"2016","8","Bristol","521","3.93","3.32","0.74","79","","","","93.2"
"2016","9","Nottingham","482","3.99","3.05","0.76","84","","","","92.6"
"2016","10","Exeter","481","4.10","2.78","0.79","85","","","","92.6"
"2016","11","Edinburgh","467","3.98","3.14","0.63","83","","","","91.8"
"2016","12","Surrey","439","4.42","3.01","0.83","75","","","","91.7"
"2016","13","St Andrews","522","3.79","2.92","0.66","81","","","","91.3"
"2016","14","Leeds","446","4.03","3.18","0.75","80","","","","91.3"
"2016","15","Strathclyde","502","4.25","3.17","0.82","64","","","","90.7"
"2016","16","Lancaster","424","4.00","3.16","0.79","80","","","","90.6"
"2016","17","Queen Mary, University of London","425","4.07","2.98","0.79","78","","","","89.9"
"2016","18","York","441","3.89","2.93","0.61","83","","","","89.8"
"2016","19","Heriot-Watt","396","4.57","2.75","0.62","73","","","","89.3"
"2016","20","Birmingham","414","3.88","2.78","0.90","82","","","","89.2"
"2016","21","East Anglia (UEA)","377","4.32","3.04","0.64","75","","","","88.9"
"2016","22","Aston","414","4.21","3.07","0.43","","","","","88.8"
"2016","23","Loughborough","408","4.04","2.97","0.80","76","","","","88.8"
"2016","24","Cardiff","406","3.83","3.28","0.56","78","","","","88.4"
"2016","25","Reading","360","4.02","3.11","0.61","80","","","","88.1"
"2016","26","Kent","393","4.27","2.32","0.84","78","","","","88.1"
"2016","27","Sheffield","416","4.17","2.58","0.57","74","","","","87.4"
"2016","28","Newcastle","421","4.04","2.72","0.67","73","","","","87.3"
"2016","29","Aberdeen","397","3.94","2.48","0.80","79","","","","87.1"
"2016","30","Southampton","422","3.90","2.70","0.78","71","","","","86.5"
"2016","31","Royal Holloway, University of London","389","3.99","3.11","0.63","69","","","","86.4"
"2016","32","Manchester","428","3.70","2.89","0.74","71","","","","86.1"
"2016","33","Goldsmiths, University of London","","3.95","2.50","0.95","","","","","85.6"
"2016","34","Liverpool","382","3.91","2.92","0.53","72","","","","85.5"
"2016","35","Glasgow","427","3.67","2.86","0.79","69","","","","85.5"
"2016","36","Swansea","294","3.84","2.93","0.57","84","","","","85.4"
"2016","37","Leicester","349","4.15","2.59","0.77","71","","","","85.3"
"2016","38","Ulster","301","4.16","2.94","0.96","69","","","","85.2"
"2016","39","Sussex","370","3.97","2.84","0.73","69","","","","85.2"
"2016","40","Essex","304","4.22","3.25","0.83","61","","","","84.4"
"2016","41","Bournemouth","","4.05","2.65","0.30","","","","","83.8"
"2016","42","Queen's, Belfast","363","3.96","2.88","0.88","61","","","","83.7"
"2016","43","Dundee","433","3.94","2.30","0.65","63","","","","83.6"
"2016","44","Salford","318","4.33","2.66","0.22","","","","","83.4"
"2016","45","City, University of London","370","4.08","2.44","0.53","66","","","","83.2"
"2016","46","Portsmouth","300","3.97","2.74","0.31","75","","","","82.9"
"2016","47","Stirling","377","4.01","2.97","0.59","54","","","","82.3"
"2016","48","Bangor","296","3.91","2.81","0.70","","","","","82.2"
"2016","49","Westminster","","4.18","2.27","0.15","","","","","81.7"
"2016","50","Coventry","301","4.67","2.50","0.06","58","","","","81.3"
"2016","51","Hull","314","4.10","2.54","0.46","63","","","","81.1"
"2016","52","West of England, Bristol","305","3.93","2.59","0.23","70","","","","81.0"
"2016","53","Keele","314","4.01","2.40","0.54","65","","","","80.9"
"2016","54","Bradford","258","4.22","2.83","0.33","60","","","","80.0"
"2016","55","SOAS University of London","420","3.65","","","73","","","","80.0"
"2016","56","Brunel University London","318","4.06","2.20","0.90","56","","","","79.7"
"2016","57","Aberystwyth","285","3.88","2.52","0.64","61","","","","79.2"
"2016","58","Manchester Metropolitan","326","3.83","2.60","0.16","62","","","","79.2"
"2016","59","Oxford Brookes","314","3.97","2.65","0.19","57","","","","78.7"
"2016","60","Greenwich","303","4.38","2.21","0.19","52","","","","78.0"
"2016","61","Nottingham Trent","301","4.24","","","62","","","","77.2"
"2016","62","Birmingham City","247","4.04","2.42","0.05","62","","","","77.1"
"2016","63","Plymouth","285","4.00","2.48","0.60","49","","","","76.9"
"2016","64","Central Lancashire","291","4.03","2.40","0.22","54","","","","76.9"
"2016","65","De Montfort","263","4.13","","","68","","","","76.9"
"2016","66","Buckingham","311","4.15","","","","","","","76.8"
"2016","67","Hertfordshire","293","3.88","2.05","0.09","59","","","","75.8"
"2016","68","Worcester","","3.88","1.65","0.29","","","","","75.5"
"2016","69","Sheffield Hallam","308","3.90","","","59","","","","75.0"
"2016","70","Cardiff Metropolitan","261","4.13","","","","","","","74.8"
"2016","71","Kingston","247","3.79","2.78","0.26","48","","","","74.5"
"2016","72","Middlesex","242","4.15","2.72","0.32","39","","","","74.2"
"2016","73","Northampton","229","4.14","","","","","","","73.6"
"2016","74","East London","252","4.15","2.26","0.06","45","","","","73.5"
"2016","75","Leeds Beckett","235","3.74","","","58","","","","71.8"
"2016","76","London Metropolitan","210","4.08","","","43","","","","69.6"
"2016","77","Anglia Ruskin","205","4.09","","","38","","","","68.3"
"2017","1","Cambridge","635","3.88","3.42","0.71","93","","","","100.0"
"2017","2","Oxford","601","4.07","3.44","0.86","87","","","","99.0"
"2017","3","Warwick","544","4.15","3.41","0.80","88","","","","97.6"
"2017","4","University College London","543","3.95","3.78","0.82","86","","","","97.5"
"2017","5","London School of Economics","555","3.85","3.55","0.92","84","","","","96.5"
"2017","6","St Andrews","555","3.88","2.92","0.66","92","","","","95.5"
"2017","7","Durham","538","4.03","3.05","0.52","90","","","","95.2"
"2017","8","Bath","488","3.57","3.20","0.75","94","","","","93.8"
"2017","9","Nottingham","469","4.10","3.05","0.76","88","","","","93.8"
"2017","10","Exeter","498","4.10","2.78","0.79","85","","","","93.1"
"2017","11","Leeds","443","4.22","3.18","0.75","84","","","","93.0"
"2017","12","Bristol","485","3.85","3.32","0.74","79","","","","92.0"
"2017","13","Edinburgh","477","3.91","3.14","0.63","83","","","","91.9"
"2017","14","Lancaster","399","4.15","3.16","0.79","84","","","","91.4"
"2017","15","Surrey","430","4.31","3.01","0.83","78","","","","91.3"
"2017","16","Loughborough","409","4.26","2.97","0.80","82","","","","91.1"
"2017","17","York","424","4.10","2.93","0.61","84","","","","90.6"
"2017","18","Birmingham","409","4.05","2.78","0.90","85","","","","90.5"
"2017","19","Glasgow","415","3.75","2.86","0.79","85","","","","89.3"
"2017","20","Kent","377","4.21","2.32","0.84","88","","","","89.2"
"2017","21","East Anglia (UEA)","397","4.22","3.04","0.64","77","","","","89.2"
"2017","22","Sussex","367","4.00","2.84","0.73","87","","","","89.1"
"2017","23","Heriot-Watt","361","4.32","2.75","0.62","83","","","","88.9"
"2017","24","Queen Mary, University of London","416","4.26","2.98","0.79","71","","","","88.8"
"2017","25","Stirling","366","3.77","2.97","0.59","88","","","","88.4"
"2017","26","Sheffield","401","4.07","2.58","0.57","82","","","","88.0"
"2017","27","Newcastle","432","4.10","2.72","0.67","73","","","","87.8"
"2017","28","Queen's, Belfast","377","4.25","2.88","0.88","72","","","","87.8"
"2017","29","Cardiff","387","3.78","3.28","0.56","78","","","","87.7"
"2017","30","Reading","353","4.05","3.11","0.61","79","","","","87.7"
"2017","31","Strathclyde","471","4.08","3.17","0.82","57","","","","87.3"
"2017","32","Manchester","423","3.85","2.89","0.74","73","","","","87.3"
"2017","33","Liverpool","383","3.94","2.92","0.53","79","","","","87.2"
"2017","34","Southampton","406","3.95","2.70","0.78","73","","","","86.7"
"2017","35","Aberdeen","377","3.86","2.48","0.80","80","","","","86.3"
"2017","36","Aston","348","4.00","3.07","0.43","77","","","","86.2"
"2017","37","SOAS University of London","391","3.83","2.70","0.72","76","","","","86.2"
"2017","38","Essex","272","4.43","3.25","0.83","69","","","","85.9"
"2017","39","Royal Holloway, University of London","371","4.26","3.11","0.63","63","","","","85.6"
"2017","40","Ulster","314","4.05","2.94","0.96","71","","","","85.3"
"2017","41","Swansea","298","3.98","2.93","0.57","79","","","","85.0"
"2017","42","Bournemouth","","4.16","2.65","0.30","","","","","84.9"
"2017","43","Goldsmiths, University of London","353","3.89","2.50","0.95","","","","","84.6"
"2017","44","Bangor","317","4.03","2.81","0.70","","","","","84.4"
"2017","45","Hull","358","3.95","2.54","0.46","76","","","","84.3"
"2017","46","City, University of London","359","4.16","2.44","0.53","72","","","","84.2"
"2017","47","Leicester","370","3.73","2.59","0.77","73","","","","84.2"
"2017","48","De Montfort","255","4.44","2.74","0.33","78","","","","84.1"
"2017","49","Coventry","296","4.67","2.50","0.06","71","","","","83.1"
"2017","50","Portsmouth","303","4.08","2.74","0.31","74","","","","83.0"
"2017","51","Salford","285","4.43","2.66","0.22","","","","","82.8"
"2017","52","Buckingham","316","4.42","","","81","","","","81.9"
"2017","53","Manchester Metropolitan","327","4.23","2.60","0.16","67","","","","81.9"
"2017","54","Westminster","","4.21","2.27","0.15","","","","","81.7"
"2017","55","Dundee","367","4.17","2.30","0.65","59","","","","81.5"
"2017","56","King's College London","455","3.88","","","","","","","81.1"
"2017","57","Brunel University London","329","3.93","2.20","0.90","64","","","","80.9"
"2017","58","Huddersfield","299","4.13","2.44","0.17","","","","","80.3"
"2017","59","West of England, Bristol","288","4.03","2.59","0.23","64","","","","79.3"
"2017","60","Central Lancashire","289","4.58","2.40","0.22","56","","","","79.3"
"2017","61","Hertfordshire","272","4.33","2.05","0.09","69","","","","79.0"
"2017","62","Bradford","246","4.11","2.83","0.33","61","","","","78.9"
"2017","63","Plymouth","258","4.18","2.48","0.60","58","","","","78.5"
"2017","64","Keele","333","3.46","2.40","0.54","64","","","","78.5"
"2017","65","Greenwich","328","4.39","2.21","0.19","53","","","","78.2"
"2017","66","Nottingham Trent","298","4.15","","","69","","","","77.5"
"2017","67","Oxford Brookes","322","3.94","2.65","0.19","53","","","","77.5"
"2017","68","Edinburgh Napier","345","3.90","","","","","","","76.8"
"2017","69","Chester","282","4.17","","","","","","","75.8"
"2017","70","Aberystwyth","221","3.70","2.52","0.64","59","","","","75.7"
"2017","71","Sheffield Hallam","287","3.98","","","63","","","","75.1"
"2017","72","Worcester","","3.78","1.65","0.29","","","","","74.5"
"2017","73","Leeds Beckett","261","4.02","1.92","0.11","58","","","","74.4"
"2017","74","Birmingham City","252","3.86","2.42","0.05","55","","","","74.3"
"2017","75","Kingston","234","4.09","2.78","0.26","43","","","","74.0"
"2017","76","London South Bank","252","3.96","","","","","","","73.3"
"2017","77","Middlesex","225","3.84","2.72","0.32","45","","","","73.0"
"2017","78","Gloucestershire","","3.31","","","69","","","","73.0"
"2017","79","East London","206","3.70","2.26","0.06","58","","","","72.3"
"2017","80","Cardiff Metropolitan","236","3.99","","","48","","","","70.2"
"2017","81","Anglia Ruskin","238","4.00","","","47","","","","70.1"
"2017","82","Northampton","232","3.99","","","45","","","","69.4"
"2017","83","London Metropolitan","184","3.91","","","52","","","","69.2"
"2018","1","Cambridge","651","3.94","3.42","0.71","94","","","","100.0"
"2018","2","Oxford","600","4.02","3.44","0.86","88","","","","98.3"
"2018","3","Warwick","538","4.09","3.41","0.80","88","","","","96.8"
"2018","4","University College London","527","3.80","3.78","0.82","89","","","","96.6"
"2018","5","St Andrews","551","4.21","2.92","0.66","89","","","","96.0"
"2018","6","London School of Economics","561","3.65","3.55","0.92","86","","","","95.7"
"2018","7","Nottingham","480","4.40","3.05","0.76","88","","","","95.6"
"2018","8","Durham","543","3.99","3.05","0.52","92","","","","95.5"
"2018","9","Bath","480","4.04","3.20","0.75","93","","","","95.4"
"2018","10","Bristol","490","4.07","3.32","0.74","83","","","","94.0"
"2018","11","Exeter","491","4.15","2.78","0.79","86","","","","93.5"
"2018","12","Loughborough","396","4.18","2.97","0.80","92","","","","93.2"
"2018","13","Surrey","441","4.39","3.01","0.83","81","","","","93.1"
"2018","14","Heriot-Watt","396","4.37","2.75","0.62","92","","","","92.9"
"2018","15","Leeds","428","4.10","3.18","0.75","86","","","","92.8"
"2018","16","Glasgow","438","4.01","2.86","0.79","89","","","","92.4"
"2018","17","Stirling","372","4.15","2.97","0.59","90","","","","91.5"
"2018","18","Birmingham","410","4.07","2.78","0.90","86","","","","91.4"
"2018","19","York","420","4.07","2.93","0.61","85","","","","91.2"
"2018","20","Queen Mary, University of London","438","4.13","2.98","0.79","76","","","","90.6"
"2018","21","Lancaster","391","3.95","3.16","0.79","82","","","","90.4"
"2018","22","Edinburgh","484","3.78","3.14","0.63","77","","","","90.4"
"2018","23","Newcastle","420","4.14","2.72","0.67","81","","","","90.1"
"2018","24","Queen's, Belfast","381","4.21","2.88","0.88","79","","","","90.1"
"2018","25","East Anglia (UEA)","376","4.30","3.04","0.64","78","","","","89.9"
"2018","26","Sussex","357","3.86","2.84","0.73","90","","","","89.8"
"2018","27","Kent","354","4.08","2.32","0.84","90","","","","89.4"
"2018","28","Aberdeen","410","3.96","2.48","0.80","83","","","","89.1"
"2018","29","Reading","369","4.06","3.11","0.61","79","","","","89.1"
"2018","30","Cardiff","385","3.90","3.28","0.56","78","","","","88.9"
"2018","31","Manchester","429","3.81","2.89","0.74","77","","","","88.7"
"2018","32","Aston","335","4.05","3.07","0.43","84","","","","88.7"
"2018","33","SOAS University of London","392","4.13","2.70","0.72","77","","","","88.6"
"2018","34","Strathclyde","490","4.24","3.17","0.82","55","","","","88.5"
"2018","35","Sheffield","385","3.80","2.58","0.57","86","","","","88.1"
"2018","36","Royal Holloway, University of London","350","4.24","3.11","0.63","70","","","","87.5"
"2018","37","Ulster","319","4.18","2.94","0.96","73","","","","87.5"
"2018","38","Southampton","372","3.91","2.70","0.78","78","","","","87.5"
"2018","39","Liverpool","369","4.00","2.92","0.53","76","","","","87.4"
"2018","40","Essex","306","4.13","3.25","0.83","72","","","","87.3"
"2018","41","Bournemouth","","4.19","2.65","0.30","","","","","86.8"
"2018","42","Swansea","306","3.91","2.93","0.57","81","","","","86.6"
"2018","43","City, University of London","360","3.98","2.44","0.53","80","","","","86.5"
"2018","44","Leicester","352","4.02","2.59","0.77","75","","","","86.5"
"2018","45","Hull","300","4.23","2.54","0.46","79","","","","86.0"
"2018","46","De Montfort","252","4.53","2.74","0.33","77","","","","86.0"
"2018","47","Birkbeck, University of London","265","4.31","2.60","0.79","","","","","85.8"
"2018","48","Coventry","309","4.43","2.50","0.06","78","","","","85.7"
"2018","49","Portsmouth","311","4.02","2.74","0.31","77","","","","85.1"
"2018","50","Keele","308","4.17","2.40","0.54","76","","","","85.1"
"2018","51","Goldsmiths, University of London","298","3.97","2.50","0.95","","","","","85.0"
"2018","52","Salford","306","4.23","2.66","0.22","","","","","84.9"
"2018","53","Nottingham Trent","318","4.26","2.65","0.17","72","","","","84.7"
"2018","54","Westminster","","4.28","2.27","0.15","","","","","84.6"
"2018","55","Huddersfield","324","4.25","2.44","0.17","","","","","84.6"
"2018","56","West of England, Bristol","290","4.51","2.59","0.23","70","","","","84.6"
"2018","57","Manchester Metropolitan","311","4.17","2.60","0.16","74","","","","84.3"
"2018","58","Bradford","268","3.99","2.83","0.33","76","","","","84.0"
"2018","59","Brunel University London","290","4.18","2.20","0.90","71","","","","84.0"
"2018","60","King's College London","445","3.92","","","","","","","83.2"
"2018","61","Middlesex","260","3.90","2.72","0.32","75","","","","82.8"
"2018","62","Plymouth","269","4.21","2.48","0.60","67","","","","82.8"
"2018","63","Buckingham","289","4.47","","","76","","","","82.5"
"2018","64","Central Lancashire","272","4.47","2.40","0.22","65","","","","82.3"
"2018","65","Bangor","287","3.85","2.81","0.70","64","","","","82.1"
"2018","66","Dundee","347","3.98","2.30","0.65","61","","","","81.9"
"2018","67","Aberystwyth","253","4.05","2.52","0.64","67","","","","81.8"
"2018","68","Hertfordshire","282","4.27","2.05","0.09","69","","","","81.1"
"2018","69","Oxford Brookes","319","3.94","2.65","0.19","61","","","","80.9"
"2018","70","Kingston","256","3.98","2.78","0.26","58","","","","79.4"
"2018","71","Lincoln","280","4.22","","","","","","","79.4"
"2018","72","Greenwich","308","3.98","2.21","0.19","56","","","","78.4"
"2018","73","Chester","272","4.06","","","","","","","78.2"
"2018","74","Cardiff Metropolitan","264","4.08","","","65","","","","77.7"
"2018","75","East London","231","4.12","2.26","0.06","59","","","","77.6"
"2018","76","Leeds Beckett","244","4.02","1.92","0.11","62","","","","77.2"
"2018","77","Worcester","","3.71","1.65","0.29","","","","","76.6"
"2018","78","Bedfordshire","218","4.09","","","","","","","76.6"
"2018","79","Birmingham City","265","3.84","2.42","0.05","51","","","","75.9"
"2018","80","London South Bank","221","3.96","","","","","","","75.9"
"2018","81","London Metropolitan","185","4.36","","","55","","","","74.8"
"2018","82","Anglia Ruskin","206","4.25","","","51","","","","74.0"
"2018","83","Northampton","223","3.94","","","45","","","","71.7"
"2019","1","Cambridge","233","3.95","3.42","0.71","94","","","","100.0"
"2019","2","Oxford","227","4.02","3.44","0.86","87","","","","99.1"
"2019","3","Warwick","202","4.13","3.41","0.80","90","","","","98.5"
"2019","4","University College London","207","3.77","3.78","0.82","89","","","","98.5"
"2019","5","London School of Economics","210","3.58","3.55","0.92","88","","","","97.5"
"2019","6","St Andrews","207","4.13","2.92","0.66","90","","","","97.2"
"2019","7","Durham","205","3.88","3.05","0.52","92","","","","96.8"
"2019","8","Bath","191","3.78","3.20","0.75","92","","","","96.6"
"2019","9","Nottingham","184","4.14","3.05","0.76","88","","","","96.3"
"2019","10","Bristol","185","4.03","3.32","0.74","84","","","","96.0"
"2019","11","Leeds","171","4.14","3.18","0.75","88","","","","96.0"
"2019","12","Aberdeen","185","4.31","2.48","0.80","88","","","","95.5"
"2019","13","Loughborough","159","4.21","2.97","0.80","90","","","","95.5"
"2019","14","Exeter","182","3.95","2.78","0.79","89","","","","95.2"
"2019","15","Surrey","175","4.17","3.01","0.83","79","","","","94.5"
"2019","16","York","157","4.21","2.93","0.61","86","","","","94.2"
"2019","17","Glasgow","177","3.76","2.86","0.79","86","","","","94.1"
"2019","18","Lancaster","150","4.03","3.16","0.79","83","","","","93.8"
"2019","19","Strathclyde","197","4.11","3.17","0.82","65","","","","93.5"
"2019","20","Manchester","167","3.90","2.89","0.74","82","","","","93.3"
"2019","21","Queen Mary, University of London","158","4.11","2.98","0.79","77","","","","93.0"
"2019","22","Heriot-Watt","143","4.17","2.75","0.62","86","","","","93.0"
"2019","23","Sussex","141","4.06","2.84","0.73","86","","","","93.0"
"2019","24","Newcastle","155","3.76","2.72","0.67","89","","","","92.9"
"2019","25","Birmingham","163","3.85","2.78","0.90","81","","","","92.8"
"2019","26","Stirling","153","4.05","2.97","0.59","81","","","","92.8"
"2019","27","Aston","131","4.09","3.07","0.43","87","","","","92.8"
"2019","28","Southampton","151","3.99","2.70","0.78","84","","","","92.7"
"2019","29","East Anglia (UEA)","145","4.25","3.04","0.64","77","","","","92.6"
"2019","30","Kent","141","4.08","2.32","0.84","88","","","","92.4"
"2019","31","Royal Holloway, University of London","132","4.13","3.11","0.63","80","","","","92.3"
"2019","32","Edinburgh","179","3.77","3.14","0.63","72","","","","92.2"
"2019","33","Sheffield","151","3.95","2.58","0.57","86","","","","92.2"
"2019","34","Essex","109","4.10","3.25","0.83","80","","","","91.7"
"2019","35","Cardiff","151","3.62","3.28","0.56","77","","","","91.4"
"2019","36","Queen's, Belfast","147","3.94","2.88","0.88","74","","","","91.3"
"2019","37","Reading","141","3.89","3.11","0.61","75","","","","91.1"
"2019","38","Bradford","122","4.05","2.83","0.33","83","","","","90.7"
"2019","39","Coventry","113","4.48","2.50","0.06","86","","","","90.7"
"2019","40","SOAS University of London","140","3.97","2.70","0.72","76","","","","90.6"
"2019","41","Liverpool","148","3.93","2.92","0.53","73","","","","90.6"
"2019","42","Portsmouth","112","4.21","2.74","0.31","83","","","","90.4"
"2019","43","Dundee","145","4.12","2.30","0.65","76","","","","90.3"
"2019","44","Ulster","119","3.85","2.94","0.96","75","","","","90.2"
"2019","45","De Montfort","96","4.34","2.74","0.33","83","","","","90.1"
"2019","46","Swansea","128","3.87","2.93","0.57","76","","","","90.0"
"2019","47","Nottingham Trent","124","4.29","2.65","0.17","77","","","","89.8"
"2019","48","West of England, Bristol","107","4.30","2.59","0.23","79","","","","89.3"
"2019","49","Bangor","116","4.08","2.81","0.70","71","","","","89.2"
"2019","50","Hull","118","3.92","2.54","0.46","80","","","","89.2"
"2019","51","Leicester","133","3.90","2.59","0.77","71","","","","89.1"
"2019","52","Middlesex","101","3.87","2.72","0.32","83","","","","88.9"
"2019","53","Goldsmiths, University of London","113","3.85","2.50","0.95","","","","","88.8"
"2019","54","Oxford Brookes","120","4.05","2.65","0.19","76","","","","88.7"
"2019","55","Manchester Metropolitan","122","4.08","2.60","0.16","75","","","","88.6"
"2019","56","Huddersfield","121","4.12","2.44","0.17","","","","","88.1"
"2019","57","Central Lancashire","112","4.45","2.40","0.22","68","","","","87.6"
"2019","58","Plymouth","110","4.11","2.48","0.60","68","","","","87.5"
"2019","59","Birkbeck, University of London","98","3.79","2.60","0.79","","","","","87.4"
"2019","60","Salford","115","3.76","2.66","0.22","","","","","87.1"
"2019","61","Keele","113","3.90","2.40","0.54","70","","","","87.0"
"2019","62","Cardiff Metropolitan","109","3.71","","","90","","","","86.7"
"2019","63","Brunel University London","111","3.84","2.20","0.90","68","","","","86.6"
"2019","64","City, University of London","136","3.63","2.44","0.53","65","","","","86.6"
"2019","65","Hertfordshire","111","4.46","2.05","0.09","67","","","","86.3"
"2019","66","Aberystwyth","102","4.25","2.52","0.64","60","","","","86.3"
"2019","67","Edinburgh Napier","152","3.88","","","","","","","86.3"
"2019","68","Kingston","100","4.15","2.78","0.26","59","","","","85.6"
"2019","69","Birmingham City","108","3.94","2.42","0.05","68","","","","85.6"
"2019","70","Buckingham","111","4.15","","","73","","","","85.3"
"2019","71","Greenwich","125","3.84","2.21","0.19","60","","","","84.6"
"2019","72","London Metropolitan","109","4.26","","","62","","","","83.7"
"2019","73","Leeds Beckett","104","3.90","1.92","0.11","59","","","","82.7"
"2019","74","Chester","98","3.76","","","","","","","82.2"
"2019","75","London South Bank","83","3.80","","","","","","","81.4"
"2019","76","East London","88","4.08","2.26","0.06","46","","","","80.9"
"2019","77","Northampton","94","3.80","","","45","","","","78.7"
"2020","1","Cambridge","233","3.95","3.42","0.71","94","","","","100.0"
"2020","2","Oxford","219","4.02","3.44","0.86","84","","","","98.2"
"2020","3","Warwick","188","4.06","3.41","0.80","93","","","","98.2"
"2020","4","St Andrews","215","4.07","2.92","0.66","93","","","","98.1"
"2020","5","London School of Economics","202","3.57","3.55","0.92","90","","","","97.6"
"2020","6","University College London","195","3.79","3.78","0.82","85","","","","97.3"
"2020","7","Bath","188","3.93","3.20","0.75","90","","","","96.7"
"2020","8","Durham","201","3.93","3.05","0.52","90","","","","96.5"
"2020","9","Nottingham","186","4.12","3.05","0.76","88","","","","96.5"
"2020","10","Exeter","180","4.01","2.78","0.79","92","","","","96.0"
"2020","11","Leeds","172","4.10","3.18","0.75","88","","","","96.0"
"2020","12","Glasgow","185","3.84","2.86","0.79","91","","","","95.8"
"2020","13","Strathclyde","202","3.98","3.17","0.82","79","","","","95.7"
"2020","14","Bristol","178","3.81","3.32","0.74","84","","","","95.2"
"2020","15","Loughborough","156","4.17","2.97","0.80","87","","","","94.9"
"2020","16","Lancaster","148","4.10","3.16","0.79","87","","","","94.8"
"2020","17","Aberdeen","188","3.95","2.48","0.80","85","","","","94.4"
"2020","18","Newcastle","156","3.87","2.72","0.67","91","","","","94.0"
"2020","19","Edinburgh","191","3.83","3.14","0.63","77","","","","94.0"
"2020","20","York","152","3.99","2.93","0.61","86","","","","93.7"
"2020","21","Birmingham","157","3.93","2.78","0.90","84","","","","93.6"
"2020","22","Surrey","153","4.04","3.01","0.83","80","","","","93.4"
"2020","23","Aston","129","3.99","3.07","0.43","91","","","","93.4"
"2020","24","Liverpool","146","4.08","2.92","0.53","85","","","","93.2"
"2020","25","Manchester","169","3.88","2.89","0.74","79","","","","93.1"
"2020","26","Heriot-Watt","140","4.08","2.75","0.62","86","","","","92.9"
"2020","27","Royal Holloway, University of London","124","3.97","3.11","0.63","87","","","","92.9"
"2020","28","Southampton","145","3.85","2.70","0.78","86","","","","92.7"
"2020","29","East Anglia (UEA)","136","4.21","3.04","0.64","79","","","","92.6"
"2020","30","Queen Mary, University of London","151","3.85","2.98","0.79","79","","","","92.5"
"2020","31","Sheffield","154","3.92","2.58","0.57","85","","","","92.5"
"2020","32","Cardiff","154","3.85","3.28","0.56","76","","","","92.4"
"2020","33","Stirling","144","3.94","2.97","0.59","80","","","","92.2"
"2020","34","Dundee","170","3.95","2.30","0.65","81","","","","92.2"
"2020","35","Nottingham Trent","122","4.34","2.65","0.17","87","","","","91.8"
"2020","36","Queen's, Belfast","142","4.01","2.88","0.88","75","","","","91.8"
"2020","37","Sussex","143","3.79","2.84","0.73","80","","","","91.7"
"2020","38","Swansea","128","3.93","2.93","0.57","82","","","","91.6"
"2020","39","Essex","100","4.40","3.25","0.83","74","","","","91.4"
"2020","40","Kent","134","4.02","2.32","0.84","83","","","","91.4"
"2020","41","SOAS University of London","147","3.59","2.70","0.72","81","","","","91.2"
"2020","42","Coventry","113","4.31","2.50","0.06","84","","","","90.2"
"2020","43","Ulster","121","3.96","2.94","0.96","70","","","","90.1"
"2020","44","Reading","129","3.71","3.11","0.61","73","","","","90.0"
"2020","45","De Montfort","95","4.18","2.74","0.33","82","","","","89.8"
"2020","46","King's College London","188","3.85","","","78","","","","89.5"
"2020","47","West of England, Bristol","116","4.10","2.59","0.23","79","","","","89.5"
"2020","48","Goldsmiths, University of London","114","3.83","2.50","0.95","","","","","89.5"
"2020","49","Portsmouth","106","4.06","2.74","0.31","79","","","","89.4"
"2020","50","Hull","115","3.80","2.54","0.46","80","","","","89.2"
"2020","51","Bangor","97","4.23","2.81","0.70","71","","","","89.0"
"2020","52","Buckingham","112","4.49","","","86","","","","89.0"
"2020","53","Leicester","128","3.71","2.59","0.77","72","","","","88.9"
"2020","54","Oxford Brookes","118","3.87","2.65","0.19","76","","","","88.6"
"2020","55","Plymouth","113","4.03","2.48","0.60","72","","","","88.5"
"2020","56","Manchester Metropolitan","118","3.95","2.60","0.16","75","","","","88.4"
"2020","57","Huddersfield","121","4.02","2.44","0.17","","","","","88.4"
"2020","58","Middlesex","98","4.00","2.72","0.32","","","","","88.2"
"2020","59","Hertfordshire","100","4.50","2.05","0.09","76","","","","87.8"
"2020","60","Salford","109","3.76","2.66","0.22","","","","","87.5"
"2020","61","Bradford","117","3.46","2.83","0.33","72","","","","87.5"
"2020","62","Keele","110","4.10","2.40","0.54","67","","","","87.3"
"2020","63","London South Bank","104","3.85","","","87","","","","87.2"
"2020","64","Birmingham City","107","4.19","2.42","0.05","69","","","","86.9"
"2020","65","Aberystwyth","88","4.32","2.52","0.64","63","","","","86.7"
"2020","66","Central Lancashire","103","4.14","2.40","0.22","67","","","","86.5"
"2020","67","Greenwich","123","4.04","2.21","0.19","66","","","","86.5"
"2020","68","City, University of London","136","3.84","2.44","0.53","58","","","","86.4"
"2020","69","Brunel University London","108","3.72","2.20","0.90","66","","","","86.3"
"2020","70","Cardiff Metropolitan","106","3.71","","","81","","","","85.8"
"2020","71","East London","86","4.61","2.26","0.06","60","","","","85.1"
"2020","72","London Metropolitan","108","4.43","","","65","","","","85.1"
"2020","73","Leeds Beckett","104","4.14","1.92","0.11","63","","","","84.6"
"2020","74","Kingston","92","3.81","2.78","0.26","50","","","","83.2"
"2020","75","Chester","97","3.51","","","","","","","82.4"
"2020","76","Anglia Ruskin","76","4.25","","","60","","","","82.3"
"2020","77","Northampton","91","4.05","","","51","","","","80.9"
"2021","1","Cambridge","223","","3.42","0.71","94","","","","100.0"
"2021","2","Oxford","213","","3.44","0.86","84","","","","97.6"
"2021","3","St Andrews","216","4.38","2.92","0.66","93","","","","96.6"
"2021","4","Warwick","173","4.18","3.41","0.80","93","","","","95.3"
"2021","5","London School of Economics","178","3.74","3.55","0.92","90","","","","94.3"
"2021","6","Glasgow","188","3.97","2.86","0.79","91","","","","93.9"
"2021","7","Durham","199","3.86","3.05","0.52","90","","","","93.9"
"2021","8","Strathclyde","201","4.17","3.17","0.82","79","","","","93.8"
"2021","9","University College London","175","3.79","3.78","0.82","85","","","","93.8"
"2021","10","Bath","175","3.91","3.20","0.75","90","","","","93.6"
"2021","11","Leeds","171","4.05","3.18","0.75","88","","","","93.4"
"2021","12","Nottingham","176","3.94","3.05","0.76","88","","","","93.1"
"2021","13","Bristol","172","4.04","3.32","0.74","84","","","","93.1"
"2021","14","Exeter","169","3.93","2.78","0.79","92","","","","92.9"
"2021","15","King's College London","195","3.82","3.12","0.79","78","","","","92.2"
"2021","16","Loughborough","148","4.15","2.97","0.80","87","","","","92.2"
"2021","17","Aberdeen","182","4.01","2.48","0.80","85","","","","92.0"
"2021","18","Lancaster","143","3.96","3.16","0.79","87","","","","91.7"
"2021","19","York","152","4.00","2.93","0.61","86","","","","91.3"
"2021","20","Edinburgh","179","3.90","3.14","0.63","77","","","","91.3"
"2021","21","Heriot-Watt","149","4.15","2.75","0.62","86","","","","91.3"
"2021","22","Newcastle","153","3.76","2.72","0.67","91","","","","91.2"
"2021","23","Birmingham","155","3.90","2.78","0.90","84","","","","91.1"
"2021","24","Aston","125","4.05","3.07","0.43","91","","","","91.0"
"2021","25","Queen Mary, University of London","156","4.03","2.98","0.79","79","","","","90.9"
"2021","26","Manchester","169","3.90","2.89","0.74","79","","","","90.8"
"2021","27","Stirling","155","4.08","2.97","0.59","80","","","","90.7"
"2021","28","Southampton","143","3.99","2.70","0.78","86","","","","90.7"
"2021","29","Liverpool","140","4.02","2.92","0.53","85","","","","90.5"
"2021","30","Royal Holloway, University of London","123","3.98","3.11","0.63","87","","","","90.4"
"2021","31","Surrey","145","3.93","3.01","0.83","80","","","","90.4"
"2021","32","SOAS University of London","159","3.89","2.70","0.72","81","","","","90.2"
"2021","33","Sheffield","147","3.97","2.58","0.57","85","","","","90.0"
"2021","34","East Anglia (UEA)","130","4.22","3.04","0.64","79","","","","90.0"
"2021","35","Dundee","166","3.91","2.30","0.65","81","","","","89.7"
"2021","36","Cardiff","153","3.76","3.28","0.56","76","","","","89.6"
"2021","37","Swansea","122","4.07","2.93","0.57","82","","","","89.4"
"2021","38","Sussex","134","3.95","2.84","0.73","80","","","","89.4"
"2021","39","Nottingham Trent","118","4.29","2.65","0.17","87","","","","89.3"
"2021","40","Kent","127","4.10","2.32","0.84","83","","","","89.1"
"2021","41","Queen's, Belfast","146","3.81","2.88","0.88","75","","","","89.0"
"2021","42","Essex","99","4.18","3.25","0.83","74","","","","88.4"
"2021","43","Goldsmiths, University of London","102","4.29","2.50","0.95","","","","","88.3"
"2021","44","Bangor","","4.06","2.81","0.70","71","","","","88.0"
"2021","45","Ulster","122","3.88","2.94","0.96","70","","","","87.6"
"2021","46","Reading","124","3.78","3.11","0.61","73","","","","87.6"
"2021","47","Salford","111","4.31","2.66","0.22","","","","","87.5"
"2021","48","Hull","115","3.97","2.54","0.46","80","","","","87.4"
"2021","49","Coventry","114","4.02","2.50","0.06","84","","","","87.3"
"2021","50","West of England, Bristol","108","4.21","2.59","0.23","79","","","","87.3"
"2021","51","Portsmouth","108","4.03","2.74","0.31","79","","","","87.3"
"2021","52","De Montfort","95","4.05","2.74","0.33","82","","","","87.2"
"2021","53","Huddersfield","111","4.40","2.44","0.17","","","","","87.1"
"2021","54","Leicester","130","3.85","2.59","0.77","72","","","","87.1"
"2021","55","Oxford Brookes","117","4.03","2.65","0.19","76","","","","86.8"
"2021","56","Plymouth","117","4.07","2.48","0.60","72","","","","86.6"
"2021","57","Buckingham","130","4.10","","","86","","","","86.4"
"2021","58","Manchester Metropolitan","114","3.91","2.60","0.16","75","","","","86.0"
"2021","59","Middlesex","103","3.86","2.72","0.32","","","","","85.7"
"2021","60","Cardiff Metropolitan","113","4.39","","","81","","","","85.6"
"2021","61","Sheffield Hallam","104","3.95","2.75","0.25","72","","","","85.6"
"2021","62","Central Lancashire","","4.26","2.40","0.22","67","","","","85.6"
"2021","63","Hertfordshire","90","4.50","2.05","0.09","76","","","","85.4"
"2021","64","Bradford","107","3.72","2.83","0.33","72","","","","85.3"
"2021","65","Aberystwyth","116","4.09","2.52","0.64","63","","","","85.3"
"2021","66","London South Bank","87","4.15","","","87","","","","84.7"
"2021","67","Keele","96","4.02","2.40","0.54","67","","","","84.4"
"2021","68","Greenwich","112","4.14","2.21","0.19","66","","","","84.3"
"2021","69","City, University of London","128","3.97","2.44","0.53","58","","","","84.3"
"2021","70","Brunel University London","107","3.77","2.20","0.90","66","","","","84.3"
"2021","71","Birmingham City","102","3.99","2.42","0.05","69","","","","84.1"
"2021","72","Lincoln","110","4.09","","","","","","","82.7"
"2021","73","East London","76","4.55","2.26","0.06","60","","","","82.6"
"2021","74","Leeds Beckett","100","4.00","1.92","0.11","63","","","","82.1"
"2021","75","London Metropolitan","97","4.26","","","65","","","","81.8"
"2021","76","Kingston","89","4.05","2.78","0.26","50","","","","81.6"
"2021","77","Chester","107","3.47","","","","","","","80.2"
"2021","78","Northampton","84","3.89","","","51","","","","77.8"
"2022","1","University of Cambridge","221","","3.42","0.71","","98.0","94.0","","100.0"
"2022","2","University of Oxford","210","","3.44","0.86","","92.0","86.0","","97.8"
"2022","3","University of Warwick","186","4.20","3.41","0.80","","96.0","84.0","","94.5"
"2022","4","UCL (University College London)","199","3.84","3.78","0.82","","92.0","84.0","","94.4"
"2022","5","London School of Economics and Political Science, University of London","193","3.94","3.55","0.92","","92.0","84.0","","94.1"
"2022","6","University of St Andrews","221","4.22","2.92","0.66","","84.0","92.0","","94.1"
"2022","7","University of Strathclyde","197","4.12","3.17","0.82","","92.0","76.0","","93.2"
"2022","8","King's College London, University of London","195","3.83","3.12","0.79","","92.0","90.0","","93.1"
"2022","9","University of Glasgow","194","4.02","2.86","0.79","","88.0","96.0","","93.0"
"2022","10","University of Bath","171","3.91","3.20","0.75","","94.0","86.0","","92.2"
"2022","11","University of Bristol","167","3.86","3.32","0.74","","92.0","84.0","","91.7"
"2022","12","University of Leeds","167","4.04","3.18","0.75","","86.0","86.0","","91.3"
"2022","13","University of Edinburgh","177","3.82","3.14","0.63","","88.0","86.0","","91.1"
"2022","14","University of Exeter","164","4.04","2.78","0.79","","90.0","86.0","","90.8"
"2022","15","University of Nottingham","169","3.77","3.05","0.76","","90.0","84.0","","90.6"
"2022","16","Durham University","184","3.79","3.05","0.52","","88.0","82.0","","90.5"
"2022","17","Loughborough University","148","4.27","2.97","0.80","","82.0","86.0","","90.2"
"2022","18","University of Stirling","152","4.19","2.97","0.59","","","","","89.8"
"2022","19","Lancaster University","139","4.04","3.16","0.79","","84.0","88.0","","89.8"
"2022","20","University of Dundee","176","4.13","2.30","0.65","","","","","89.4"
"2022","21","University of Surrey","132","3.86","3.01","0.83","","90.0","86.0","","89.2"
"2022","22","University of York","146","3.96","2.93","0.61","","88.0","84.0","","89.2"
"2022","23","Queen Mary University of London","154","3.84","2.98","0.79","","84.0","82.0","","89.1"
"2022","24","University of Birmingham","150","3.88","2.78","0.90","","88.0","78.0","","89.0"
"2022","25","Heriot-Watt University","165","3.76","2.75","0.62","","","","","88.4"
"2022","26","Newcastle University","150","3.88","2.72","0.67","","86.0","82.0","","88.4"
"2022","27","University of Manchester","161","3.91","2.89","0.74","","78.0","76.0","","88.1"
"2022","28","University of Southampton","139","4.04","2.70","0.78","","80.0","86.0","","88.1"
"2022","29","University of East Anglia UEA","129","4.18","3.04","0.64","","78.0","80.0","","87.7"
"2022","30","University of Liverpool","140","4.08","2.92","0.53","","80.0","80.0","","87.7"
"2022","31","Cardiff University","140","3.53","3.28","0.56","","82.0","86.0","","87.6"
"2022","32","University of Kent","123","4.28","2.32","0.84","","82.0","86.0","","87.6"
"2022","33","Queen's University Belfast","139","3.77","2.88","0.88","","78.0","84.0","","87.5"
"2022","34","University of Aberdeen","172","3.72","2.48","0.80","","76.0","","","87.4"
"2022","35","Ulster University","115","3.93","2.94","0.96","","86.0","74.0","","87.3"
"2022","36","Aston University, Birmingham","117","3.90","3.07","0.43","","86.0","82.0","","87.1"
"2022","37","University of Sheffield","145","4.08","2.58","0.57","","84.0","70.0","","87.1"
"2022","38","Swansea University","118","4.04","2.93","0.57","","78.0","86.0","","86.8"
"2022","39","University of Essex","105","4.37","3.25","0.83","","72.0","74.0","","86.7"
"2022","40","Nottingham Trent University","112","4.19","2.65","0.17","","82.0","88.0","","86.2"
"2022","41","University of Sussex","133","3.73","2.84","0.73","","80.0","74.0","","86.0"
"2022","42","SOAS University of London","143","3.92","2.70","0.72","","76.0","70.0","","86.0"
"2022","43","University of Reading","119","3.89","3.11","0.61","","78.0","70.0","","85.6"
"2022","44","University of Salford","114","4.22","2.66","0.22","","","","","85.4"
"2022","45","Bristol, University of the West of England","106","4.05","2.59","0.23","","82.0","86.0","","85.3"
"2022","46","Royal Holloway, University of London","116","3.95","3.11","0.63","","72.0","72.0","","85.0"
"2022","47","Bangor University","94","3.97","2.81","0.70","","","","","84.8"
"2022","48","Sheffield Hallam University","103","4.03","2.75","0.25","","76.0","86.0","","84.7"
"2022","49","University of Central Lancashire","106","4.37","2.40","0.22","","","","","84.7"
"2022","50","University of Portsmouth","107","3.98","2.74","0.31","","76.0","84.0","","84.7"
"2022","51","University of Hull","","3.75","2.54","0.46","","82.0","74.0","","84.6"
"2022","52","University of Bradford","106","3.93","2.83","0.33","","","","","84.4"
"2022","53","Goldsmiths, University of London","103","3.74","2.50","0.95","","","","","84.2"
"2022","54","Coventry University","97","4.06","2.50","0.06","","86.0","78.0","","84.1"
"2022","55","Oxford Brookes University","119","3.98","2.65","0.19","","76.0","74.0","","84.0"
"2022","56","University of Leicester","126","3.68","2.59","0.77","","68.0","74.0","","83.5"
"2022","57","Manchester Metropolitan University","115","3.88","2.60","0.16","","74.0","70.0","","82.8"
"2022","58","University of East London","80","4.54","2.26","0.06","","","","","82.7"
"2022","59","Keele University","96","3.84","2.40","0.54","","","","","82.7"
"2022","60","City, University of London","120","3.84","2.44","0.53","","66.0","68.0","","82.1"
"2022","61","University of Greenwich","95","4.04","2.21","0.19","","74.0","78.0","","82.1"
"2022","62","University of Hertfordshire","85","4.69","2.05","0.09","","70.0","72.0","","82.0"
"2022","63","Brunel University London","108","3.67","2.20","0.90","","70.0","68.0","","81.8"
"2022","64","University of Plymouth","109","4.13","2.48","0.60","","56.0","70.0","","81.6"
"2022","65","De Montfort University","92","3.93","2.74","0.33","","62.0","78.0","","81.5"
"2022","66","Middlesex University","88","3.55","2.72","0.32","","","","","81.3"
"2022","67","Leeds Beckett University","93","4.09","1.92","0.11","","74.0","74.0","","81.0"
"2022","68","University of Huddersfield","111","3.94","2.44","0.17","","60.0","","","81.0"
"2022","69","University of Buckingham","114","4.16","","","","","","","80.9"
"2022","70","University of Lincoln","106","4.28","","","","","","","80.9"
"2022","71","University of Derby","104","4.26","","","","","","","80.6"
"2022","72","Cardiff Metropolitan University","85","4.16","","","","66.0","86.0","","79.4"
"2022","73","Birmingham City University","104","3.83","2.42","0.05","","60.0","66.0","","79.3"
"2022","74","University of Brighton","85","4.26","","","","","","","79.3"
"2022","75","University of Chester","98","4.03","","","","","","","79.3"
"2022","76","London South Bank University","85","4.15","","","","","","","78.9"
"2022","77","Kingston University","88","4.14","2.78","0.26","","52.0","52.0","","78.6"
"2022","78","London Metropolitan University","74","4.10","","","","","","","77.9"
"2022","79","University of Northampton","76","3.89","","","","","","","77.2"
"2022","80","University of Wolverhampton","72","3.88","","","","","","","76.8"
